"Id","Username","Password","Is Admin","Full Name","Age","Gender","Phone","Email","Address","Number Of Borrowed","Number Of Returned"
"1","abc","bcd","true","abc","12","true","","","","0","0"
"2","12","312","false","123","11","false","","","","0","0"
"3","admin","password","true","Nguyen Duc Luu","19","true","","","","0","0"
"4","test","test","true","hung","19","true","09999","hungdotuan","dai hoc cong ngh","0","0"
"5","testid","testid","false","hung","20","true","","","","0","0"
"6","tester1","123456@","false","Hh Nguyen","26","true","","","","0","0"
"7","tester5","123456","false","Hh Nguyen","19","true","","","","0","0"
"1","abcdef","123456","true","Test Nguyen","12","true","","","","0","0"
"1","tester2","123@@@","false","Tk Nguyen","25","true","","","","0","0"
"2","tester3","123456","true","Hh Nguyen","20","true","","","","0","0"
"1","tester4","123456@","false","Tester Nguyen","20","true","","","","0","0"
